year,N_cells,I,p
2008,1356,0.34561792811683767,3.653192945844602e-82
2015,1356,0.37966718615777134,1.2763675036814428e-98
2021,1356,0.25238061077327983,6.688563466140603e-45
