group,k,stat,df,p_value
FIN_BET_BEAUTY,6,4.344117646728382,6,0.6302151163408654
KIOSK,4,3.5423852266014366,4,0.47146291207425095
LARGE_NONFOOD,6,823.9921004865205,6,0
SUPERMARKET,3,5.327710544879483,3,0.14931436841402523
