term,beta,se,ci_lo,ci_hi,pct,pct_lo,pct_hi,p
avd::2015:euc_0_100,0.07046820824154386,0.05775076519819097,-0.042723291546910444,0.18365970802999815,7.301045599921485,-4.1823511078171505,20.16068563518827,0.2223843120249633
avd::2021:euc_0_100,-0.010134379325263957,0.06369709354862103,-0.13498068268056118,0.11471192403003327,-1.008319954080683,-12.62672102995822,12.155029933964446,0.87358796400025
avd::2015:euc_100_400,0.030305315654224445,0.05840285588024324,-0.08416428187105232,0.1447749131795012,3.076919588686211,-8.071977738555958,15.57793902794209,0.6038295972823082
avd::2021:euc_100_400,-0.0033465414192009766,0.04050601161930483,-0.08273832419303845,0.0760452413546365,-0.334094799075213,-7.940798763782264,7.901138898995708,0.9341549790659721
avd::2015:euc_400_800,0.06804344193126534,0.05338960972780079,-0.03660019313522421,0.17268707699775487,7.041180822494608,-3.593850328668713,18.849413973445394,0.20249699081912523
avd::2021:euc_400_800,0.018640079347474,0.04421691867069968,-0.06802508124709737,0.10530523994204537,1.8814890099337012,-6.576295854672287,11.104969534654806,0.6733462885705682
