panel,test,ring,F,t,p,pct2015,pct2015_lo,pct2015_hi,pct2021,pct2021_lo,pct2021_hi,atten,atten_lo,atten_hi
A,Joint H0: β2015=β2021=0 (all rings),NA,1.5869537449399118,NA,0.14630059796337735,NA,NA,NA,NA,NA,NA,NA,NA,NA
B,NA,0–100 m,NA,-1.250689413690087,0.2201157510835994,NA,NA,NA,NA,NA,NA,NA,NA,NA
B,NA,100–400 m,NA,-0.7095476719974193,0.48312312252453016,NA,NA,NA,NA,NA,NA,NA,NA,NA
B,NA,400–800 m,NA,-1.5517740176149262,0.1305514549414773,NA,NA,NA,NA,NA,NA,NA,NA,NA
C,NA,0–100 m,NA,NA,NA,6.404712186941741,-5.06253166855407,17.871956042437553,-3.697029716386979,-12.003780763039982,4.609721330266025,9.493697878324259,-4.654508132467482,23.641903889116
C,NA,100–400 m,NA,NA,NA,4.439787512462967,-7.437913136918139,16.317488161844075,0.7728018346909726,-6.829443268476711,8.375046937858656,3.5111002857358242,-6.015397834180027,13.037598405651675
C,NA,400–800 m,NA,NA,NA,6.030701285022211,-2.9651145213033274,15.026517091347749,1.7766664060329562,-5.820963543613188,9.3742963556791,4.0120784144904835,-0.9524152535340473,8.976572082515014
