term,beta,se,ci_lo,ci_hi,pct,pct_lo,pct_hi,p
avd::2015:walk_100_400,0.04346368052976473,0.06512646009095566,-0.08418418124850835,0.17111154230803782,4.442206076721811,-8.073807030768776,18.662310031957063,0.5045335207008743
avd::2021:walk_100_400,0.007741396431304646,0.04410563167432189,-0.07870564165036625,0.09418843451297554,0.7771438513176188,-7.568803665126078,9.876677199268634,0.8606714852303337
avd::2015:walk_400_800,0.05865816832442988,0.0461542037936942,-0.03180407111121074,0.14912040776007052,6.041269613035949,-3.130364091159843,16.081275165796338,0.203758130847344
avd::2021:walk_400_800,0.017778483157200334,0.04099437561089414,-0.06257049304015218,0.09812745935455285,1.7937461120445697,-6.065315693523743,10.310337699287864,0.6645200818472308
