term,beta,se,ci_lo,ci_hi,pct,pct_lo,pct_hi,p
avd::2015:walk_100_400,0.04346368052976473,0.05802682930360264,-0.07026890490529644,0.1571962659648259,4.442206076721811,-6.785687165828625,17.02252667547002,0.4538407381912443
avd::2021:walk_100_400,0.007741396431304646,0.038499442376152125,-0.06771751062595352,0.0832003034885628,0.7771438513176188,-6.547557048579089,8.675946846125182,0.8406374712496836
avd::2015:walk_400_800,0.05865816832442988,0.043282299579391156,-0.026175138851176782,0.14349147550003655,6.041269613035949,-2.583553937718752,15.429697096068118,0.1753391568977101
avd::2021:walk_400_800,0.017778483157200334,0.038117875668137166,-0.056932553152348506,0.09248951946674917,1.7937461120445697,-5.534221859262356,9.690164538589375,0.6409234674432571
