term,beta,se,ci_lo,ci_hi,pct,pct_lo,pct_hi,p
avd::2015:walk_0_100,0.05281706398919055,0.04935324157998934,-0.04391528950758856,0.14954941748596967,5.423676960887458,-4.2964975052416365,16.13108584570635,0.284536362569691
avd::2021:walk_0_100,-0.04659429468127368,0.04520192272261239,-0.13519006321759397,0.04200147385504661,-4.5525445547408,-12.645013378933534,4.2896015827186496,0.3026330333738003
avd::2015:walk_100_400,0.027984313838827535,0.04796979219683168,-0.06603647886696255,0.12200510654461762,2.837955296749084,-6.390328407878842,12.975987093477649,0.5596417771532012
avd::2021:walk_100_400,-0.0023725319960615733,0.035643893455794926,-0.07223456316941963,0.06748949917729648,-0.23697197664999115,-6.968734686811073,6.981902555900654,0.9469303276546848
avd::2015:walk_400_800,0.04833664014038088,0.03525527803667589,-0.020763704811503865,0.11743698509226563,4.952390773729731,-2.054962336102595,12.461076046753172,0.1703603320416539
avd::2021:walk_400_800,0.007402778849467408,0.033599240629009104,-0.05845173278339043,0.07325729048232525,0.7430247155578718,-5.677623391321229,7.600734775226825,0.8256174450349048
