term,beta,se,ci_lo,ci_hi,pct,pct_lo,pct_hi,p
avd::2015:walk_0_100,0.06099148212507394,0.0541033248271591,-0.0450510345361579,0.16703399878630576,6.288986058574397,-4.4051305810015595,18.179444420210665,0.2596093812098473
avd::2021:walk_0_100,-0.041446665073323063,0.044318005864917936,-0.1283099565685622,0.04541662642191609,-4.059949646755589,-12.041929492885062,4.646375354931398,0.34967982081901666
avd::2015:walk_100_400,0.031999902267979545,0.05106810158607104,-0.06809357684071968,0.13209338137667878,3.2517404395101313,-6.58269474759563,14.12148825084616,0.5309133821541784
avd::2021:walk_100_400,0.002885907883102669,0.03765435506361797,-0.07091662804158856,0.0766884438077939,0.289007612401293,-6.846044683294405,7.970563500877681,0.9389082868212733
avd::2015:walk_400_800,0.050117946939518765,0.03715862923562398,-0.02271296636230423,0.12294886024134176,5.139509789710228,-2.2456968759668072,13.082658926989343,0.17741515454449183
avd::2021:walk_400_800,0.011034319623350077,0.035047119304368685,-0.05765803421321254,0.0797266734599127,1.1095422263336818,-5.602730138468914,8.299101702992196,0.7528813069169806
